tsne,tsne,sammon,sammon,isomap,isomap,lle,lle,y
0,1,0,1,0,1,0,1,0
6.6472464,11.364389,8.193859755591973,-5.092311988905751,-13.16997,11.143574,-0.021091646704372566,0.02187883082327736,0
-7.573076,13.545567,7.280788975935959,9.418909675665544,-7.034927,-4.9753747,-0.02016544621911444,0.008344996587764008,0
7.2841015,11.700573,9.305736675058352,-3.189728770886734,-12.627036,5.823794,-0.02189404094698186,0.022157072797615474,0
9.639956,2.436863,-3.111226069063718,-13.617992568134603,0.058464836,19.900599,-0.011113970882898522,0.024022097926416422,0
-6.4452252,12.620203,10.379874486858144,-0.3989781192474796,-9.239893,-0.83142096,-0.02285152860897041,0.019061980945739233,0
9.399907,3.8148248,0.9942350453990584,-12.030182741993768,-1.3827584,21.298098,-0.01451913443672198,0.023426898051123052,0
5.442305,10.906144,7.716962951927427,-5.853187346744628,-9.965078,12.992398,-0.020975725983288347,0.021648016297098484,0
5.485929,7.4171634,3.805883004495421,-9.512194591445958,-9.263657,10.431936,-0.0211026741660506,0.024012495979021446,0
4.6121044,11.159067,7.708333612480059,-8.270325115689436,-12.553799,15.106427,-0.02296494880643071,0.023704329600363217,0
-7.366103,11.80081,7.142743053328643,8.109651166479601,-7.822145,-4.5589623,-0.02177884703180646,0.020548494505030296,0
20.616457,6.89413,5.504127766898777,1.0538493814542382,-10.103937,-2.2429814,-0.023912851263181115,-0.03508999657790477,1
20.935879,4.090013,6.526059604917635,4.512422225729325,-5.8464217,-5.2267513,-0.02747985381855891,-0.037003648840233695,1
20.523628,5.1887145,5.624277590694976,4.8319100890604,-9.33324,-5.648374,-0.026046015355705186,-0.029371216035900517,1
21.47845,5.0911474,4.394254796940045,7.4110174662848936,-8.04337,-7.229128,-0.026657781137413485,-0.039436784546364304,1
19.957088,3.7065701,7.197086907754732,4.162760020374725,-7.309278,-6.132596,-0.02698273207074687,-0.034825857721865014,1
22.088484,4.138509,5.017071632159503,7.3561307655077295,-8.2920885,-7.367886,-0.027350259674510286,-0.04479083207039686,1
21.993317,7.451628,1.0632774729428789,6.270201623311904,-13.500975,-10.979169,-0.026310371724634175,-0.04675324608102428,1
21.559214,6.606533,3.2667888417654343,6.113041255616379,-12.127382,-8.075461,-0.02598252217415095,-0.04419410109739169,1
22.165981,3.9754841,4.647245654556876,8.628419734703838,-8.568042,-7.0949197,-0.027692817385237507,-0.04395231440432575,1
21.431051,7.0428305,3.5446472851462203,3.64667273387759,-8.789813,-5.358423,-0.025676217002513147,-0.04595163887268562,1
-9.954088,-4.499801,-2.273113496697009,4.636201877422305,3.7115898,-10.754573,-0.019708152259911068,0.028325895143775603,2
-10.860695,-4.0364633,-1.6941021265120053,6.3218223053086104,5.3388977,-8.717579,-0.02028277036759417,0.024857852409632612,2
-10.961164,-3.9378827,-1.0694387550429136,5.482919807649497,1.5319816,-6.510128,-0.01948348840094331,0.021882422585839324,2
1.2257308,-10.892446,-6.17903845884241,-2.109554531797635,8.658902,2.1586714,0.00141881078749219,0.023534841498819545,2
1.2856545,-10.912021,-7.095442943022116,-4.1919168934045965,9.06015,6.0959067,0.0003989107448026415,0.02278114999099569,2
-17.332563,-2.5898924,-0.4828829233985185,5.605728923467695,-1.4152201,2.840265,-0.010774607778440455,0.024453981660187033,2
2.6245375,2.2771606,0.02791719410261102,-6.412100222323419,0.90428424,8.052274,-0.014761977015715355,0.025670734222470144,2
3.3531446,2.4597492,-2.868998319547675,-7.946196429217048,2.5133111,10.619213,-0.010865300552038782,0.025105530786174366,2
-3.9588592,8.020827,3.268269495657818,-2.038063897412003,-7.7001877,1.0379213,-0.0228207034324973,0.023368217506716322,2
-3.9476132,8.193278,3.5735617548886944,-1.162457875932173,-5.605231,-0.4612391,-0.02312123853154197,0.025264057127378226,2
2.0307615,-7.575096,-1.1255686848868058,-1.7631951951906484,-2.8531404,0.17146006,-0.016008792645424492,0.027816144564033616,3
-0.5416347,-6.99928,1.0356709154193344,4.473378328207645,-3.1730478,-0.43894967,-0.01769460981487103,0.020238079124323557,3
2.1597865,-8.6029625,-3.6816776570071714,-2.8292417225410538,1.4434453,-0.9800938,-0.009394932052458187,0.02961729235508775,3
-0.756325,8.718433,4.268350427387426,-2.0157471949449284,-7.2573385,1.9174993,-0.02657043365731847,0.02331553707903927,3
-1.3867832,9.093189,4.820232790040623,0.6732219455890183,-6.707497,-0.8884214,-0.027869246355426185,0.023181089434007738,3
6.9905663,3.6992993,-0.037285907054038746,-9.696139907736045,0.8608623,14.232036,-0.010991235765083674,0.02213986243476738,3
0.93104774,7.6025195,4.06227403221467,-3.7604913516602085,-5.7558637,5.8604097,-0.024012335435449506,0.021164250505785378,3
2.1356606,-7.718076,-1.7787951749219866,-3.1651822862432955,-4.0826616,0.689759,-0.01573935635578711,0.026496549346116977,3
-0.45587423,-7.6122103,-0.029505281879790245,5.520443606392804,-1.4995799,-0.20911069,-0.0152369305312331,0.008911439181345886,3
-3.2477987,11.908227,6.273648588181511,3.4617926657596985,-5.8007455,-3.0298982,-0.02797256950265359,0.018346820121187716,3
-2.2549534,0.8844272,-0.12906401800353562,-1.2214749289133653,-0.13366441,0.24082032,-0.02217149513211159,0.02666367847852901,4
-8.482434,-2.9151404,-0.793551273897137,3.1424950829075464,1.117689,-6.3693404,-0.021862097414766107,0.02726156262934868,4
-8.551087,-3.1034303,-1.6959371689659384,4.843312202476669,2.5050282,-6.067791,-0.019531866063411746,0.029969364429279787,4
-2.1439385,0.8916854,-0.2886377994817506,-1.4263659707079603,-0.24969012,1.0848699,-0.022717397102417446,0.026788233365644596,4
5.8589044,1.8613302,0.06202674870709034,-9.388336726879505,0.016956523,11.987382,-0.019754372516468072,0.025400327638547524,4
5.300858,1.5223005,-0.327405920620952,-8.230375375851766,1.4341985,10.568041,-0.019028385083662027,0.02618175661563955,4
-1.2024425,0.64464873,0.17414581217066336,-2.6736115038854207,-0.36222228,4.408754,-0.023357499177166487,0.023335428457529953,4
4.566046,0.95364374,-1.161800420476763,-6.214658568288499,2.9938824,7.98125,-0.018899002474241137,0.02756722591691903,4
4.8799086,1.9335933,0.9537392119853061,-6.951228872554553,-1.6490439,9.586156,-0.01993239996256369,0.026287670532456966,4
3.0801105,5.331623,4.268904736901719,-7.774906549623765,-6.517752,14.244915,-0.02253138338603603,0.02715754255551541,4
0.13901535,14.49036,7.1856505326368625,-1.683784834008393,-10.333781,-0.6154008,-0.027680979261920164,0.026867314080343638,5
0.25252607,14.230812,6.719586043848694,-2.0960843164034593,-6.4359403,0.7815588,-0.02672872898928671,0.026819072127684078,5
0.33324915,14.775753,7.7163226341510045,-2.446579738388504,-8.7424135,1.2401756,-0.026647835536341764,0.027148243792747672,5
1.571833,17.61779,9.488741103051623,-8.492937601346355,-11.240571,9.681809,-0.025500614795683052,0.029014652925541555,5
2.294375,18.593287,8.11765806090204,-10.056761004148417,-10.609383,15.687486,-0.025120967051723644,0.02906010174393037,5
2.3125818,17.203959,10.74477872599105,-7.962722722171204,-11.955655,11.037074,-0.02555751034612915,0.028731192778554696,5
3.0737429,18.212631,7.550185621786413,-10.79720824628318,-9.937756,19.199553,-0.024002651700576607,0.02841943241103505,5
1.5163151,16.625114,11.235032518502893,-6.223436861751817,-12.389165,7.3701916,-0.02687611518429256,0.02819024293197983,5
3.2985184,18.80183,6.213465478193883,-11.838270747242905,-7.034555,18.853703,-0.02304671210696282,0.027902075017874915,5
1.645028,18.199549,9.120582390734183,-9.44867260046576,-11.205826,10.936674,-0.026331461607945788,0.02948991240243494,5
8.818488,18.979664,8.93267169934375,-3.3632069342603734,-14.147733,2.565535,-0.030609820728701,-0.11245627372128078,6
9.387803,19.811615,8.546820573047972,-1.1713687167344973,-13.311606,-4.6756015,-0.029014918677126276,-0.0788620325144023,6
5.0817823,14.569795,5.775592329318685,-9.378423135922823,-9.490059,12.240142,-0.023674522169616775,-0.01079678229915344,6
7.1166263,18.077644,3.668536044525778,-8.400662947126623,-8.161935,10.813026,-0.024589367515325446,-0.04181986761957886,6
7.738238,18.491245,7.058454472546027,-7.657337009937268,-12.9905615,8.988654,-0.026253408290740785,-0.081889628549895,6
5.2325044,14.7357025,6.787881675174995,-8.191164079295763,-9.78262,9.347393,-0.023626070790657636,-0.012369734648077798,6
9.570876,17.373003,10.456333010960567,-2.5677858414411516,-14.034635,1.8047009,-0.031114717849554465,-0.10544735964241801,6
8.930948,18.433771,8.825055728574194,-5.053318446742813,-13.538361,4.0174866,-0.030647096300287474,-0.11208625287230202,6
4.8246894,14.211783,5.779949633601968,-10.194881913664405,-9.840864,11.281219,-0.024534343377052053,-0.027578017036345333,6
7.777525,20.017366,4.872202751694514,-10.12416293498279,-10.31252,12.137091,-0.024825622060723855,-0.058735452082953006,6
-6.0856304,18.423607,11.761671978843166,1.6488184820562948,-21.461044,-3.5879264,-0.025252337921862412,-0.041353869517681205,7
-6.1800475,18.36474,10.04293306699433,6.78887957843219,-14.332364,-6.001327,-0.023632966309521816,-0.038745181475767776,7
-3.0412266,19.562971,11.833042358794803,0.2600817458218845,-14.94799,-0.19749701,-0.027779958968760312,-0.04852490047150909,7
-9.806864,14.563868,4.997626339368047,13.892504093568155,-2.6627073,-13.172652,-0.02133136077371987,-0.005523045851962861,7
-3.0598361,18.716915,11.63991767183456,-1.0070395102544174,-18.230898,2.160564,-0.02714322645058363,-0.04897132022702917,7
-2.6397693,17.7495,11.894293615027141,-1.8886630712592698,-17.880192,2.8747582,-0.0273148473475937,-0.039847075495766944,7
-9.147037,15.078763,6.932227368188042,11.457509421837933,-10.4548645,-8.915413,-0.02355389135865679,-0.01924679173758816,7
-3.3432353,18.995792,11.25726009609085,-1.4771555037327309,-14.896343,0.028120536,-0.02741035307323165,-0.061158700187430685,7
8.801078,5.032751,3.085014525219018,-14.220356812765928,-5.825876,20.1865,-0.01603921364520879,0.02294930493125552,7
-8.67761,14.625112,9.402321569261343,9.961137969344014,-9.305391,-6.462798,-0.02192343696382686,-0.0015339535173157844,7
-9.26926,-7.7280664,-4.715974480127918,2.424605947029469,2.204573,-4.1253614,-0.0172634267766021,0.040009349328859724,8
-8.193196,-6.907484,-3.684077735931008,4.0806744492519424,2.6601028,-6.6056175,-0.01572826616557262,0.040290328791115805,8
-8.986997,-7.5435305,-5.127931576300887,3.3972863819182124,3.972374,-4.8917904,-0.015516255481714187,0.042517546441193356,8
-2.8626342,-2.309633,-0.8836482188667353,-2.7971081655208456,2.2834682,1.5023978,-0.01963587009433117,0.03276366017177865,8
-3.2231193,-2.8602521,-0.7209458663562507,-2.8751145004504695,-0.852272,0.11072989,-0.019848075748867836,0.03433884918213493,8
-1.6255088,-1.73604,-2.5836421958329687,-4.578519523479153,3.9597664,4.7143836,-0.012602390609878,0.029365881366711203,8
-0.7658269,-1.1422818,-1.0105193356342366,-5.548435829180776,-0.052942093,7.279131,-0.01988766126479361,0.02566347058077303,8
-2.612537,-1.5536125,0.4773812484468891,-3.242168630808538,-0.65267086,2.1012924,-0.01915773300508053,0.032074882892848156,8
-4.0336995,-2.3964696,-1.512395938641206,-1.0157395699088414,1.437934,-1.0596203,-0.01820197931695134,0.035684807551717324,8
-5.153294,-4.0876355,0.7696554860040723,-0.5870925672017322,-2.0149524,-1.1899129,-0.019491601902166728,0.034834829084749185,8
-9.149382,8.520022,3.251716543666511,0.5621071815372018,-3.611802,-1.7499408,-0.02472504302169403,0.012071747055401767,9
-8.710684,8.53273,2.35492400546134,5.871172881887232,-4.9840584,-6.3041043,-0.022212847051406776,0.018657897238710083,9
-11.207717,12.395821,1.004554937571473,11.548439167372365,0.23055288,-12.402386,-0.01868524991823596,0.015425187842416775,9
-11.231808,12.417244,0.7535066883699071,11.898144567284664,0.51590544,-13.491575,-0.019582315137882746,0.014391130966124748,9
-6.816674,8.324911,6.848367152900287,-3.564751262477264,-5.8814907,1.2819883,-0.02203273638107138,0.022192699015240715,9
-6.412844,8.99867,7.433906888879865,6.6733425323383315,-9.235775,-2.2900417,-0.022616266944173083,0.0229891622925086,9
-6.2900767,10.007492,8.342598615540306,6.564969401073135,-9.281133,-4.360326,-0.023277210976756824,0.01993430479666814,9
-7.684321,8.341601,6.671439930313422,-4.066253031761534,-4.875533,-0.3769432,-0.0228349365769849,0.019451370465630106,9
8.15435,1.392576,-0.9860546004226471,-11.8193737237295,-1.6378392,15.915767,-0.014542754127085058,0.023311299812394267,9
-2.3199818,16.775438,10.169787732216523,-3.7498113300685096,-12.121012,4.2381744,-0.024849220954719677,-0.00963273799417411,9
14.765674,21.381714,8.52734028400624,2.967514715565351,-18.89507,-5.535801,-0.03903983437025652,-0.2217964127816815,10
13.354245,22.223167,8.796850528266233,1.4607314835249954,-20.09921,-6.4457655,-0.03900609204484327,-0.2075371758148044,10
13.702718,21.94584,8.968807671564718,1.4975108098747612,-19.82622,-6.4930186,-0.038996861883101516,-0.211542842274762,10
16.625648,21.94239,9.871031269951704,4.296825215429048,-20.375053,-4.5550733,-0.03671227127048995,-0.1778018835740821,10
14.355931,24.653412,10.265029503080978,3.727369627729284,-13.450457,-5.6334615,-0.03488479384705168,-0.11242132332826274,10
14.057895,22.54945,8.780301311249838,2.1805410027157843,-19.795908,-6.375753,-0.03754002779669378,-0.19874999016979433,10
15.254709,23.172312,9.070946919698374,4.855002193259211,-20.110458,-5.840194,-0.037583318397208854,-0.18605551870058906,10
15.029214,24.007288,9.422800970729933,5.283942030635907,-20.040213,-6.408543,-0.036924738226378234,-0.16304864689391954,10
16.92714,22.177835,10.07698382432692,4.7200313521757975,-21.240017,-3.5000627,-0.034879617721444114,-0.15168271905611158,10
15.022232,22.062735,8.380925159066567,4.447063119649295,-20.226294,-5.9560122,-0.03843366117801927,-0.20722258453346978,10
-3.3489134,5.379125,4.237903027046419,-6.320514213891013,-3.9725952,6.0836887,-0.021288804540804725,0.026573359052354306,11
-13.352907,-7.8255115,-6.769197891172298,-0.6942264054231481,9.567548,-3.6485481,-0.020799436776236344,0.0333711978578215,11
-13.078687,-8.953215,-6.430758898531342,-4.264921925508729,8.056415,3.3826363,-0.013311464234929002,0.027009135668610476,11
-11.575391,-7.12628,-1.519687910621866,6.05635936362964,0.5734636,-5.513821,-0.020769740538319422,0.025745704041033306,11
-12.589386,-7.5296917,-3.9403009072612534,5.546027240345693,5.300382,-4.26958,-0.020792179536749226,0.03153022853311413,11
-2.3298447,5.312602,2.771412440800525,-9.242736681643388,-4.373012,13.292854,-0.019550260877796443,0.025253986842097686,11
-12.815152,-7.2775927,-3.5716471865029575,5.282112009597622,5.187817,-5.0248914,-0.020536270273686163,0.030814650151504783,11
-5.784958,5.619898,6.41087955893902,6.275622709492925,-2.5033915,-4.090576,-0.021657678286423687,0.028008402935602195,11
-5.0498924,5.8918066,6.080582303484237,-2.314389197608437,-3.7604635,-1.0614678,-0.021509469379074195,0.028210807535732216,11
-4.211975,5.421422,4.610958772462864,-5.726967102316428,-0.032159254,-0.03610247,-0.021520038503357895,0.027234567647234295,11
-2.0180252,-4.8604374,-1.867625196571747,-0.2425752742032553,-2.0112238,-0.78992885,-0.019593121817233973,0.016947910254854155,12
-2.3891597,-5.0658402,-1.5317681301776298,1.4079350114191826,-1.9399868,-3.689788,-0.02276263716599299,0.013622998008338114,12
3.0719302,-0.62351966,0.7326820892228403,-5.530974671726913,-2.6917498,7.744593,-0.020815203066794605,0.017870635397339,12
2.6904452,-0.8931551,-1.9576544264187146,-5.155594960384711,0.86609995,6.644023,-0.01647589445482385,0.020558740441725728,12
2.428305,-2.654001,1.8193450748561346,-2.8706063197257685,-3.0307188,2.5155833,-0.018907948238018477,0.01966602770643264,12
-3.667314,11.926219,4.466099444221916,2.291660151791436,-3.6988564,-0.45431834,-0.022880647852174543,0.021717040260809686,12
6.0170474,-1.8337661,-3.8014079113300534,-8.372072012992453,3.7286317,11.371989,0.010451076564183715,0.016124813513052217,12
5.0223737,-1.3857234,-1.583182058342018,-6.6526353210461355,2.9155545,11.550676,-0.0046520647161993126,0.022247095879692994,12
-1.959491,3.2412996,2.0513316596919124,-1.9210262394058444,-3.5426264,1.3338851,-0.018617917915598314,0.02689165705099776,12
2.6746964,-2.529911,1.24573912918732,-3.8219255745081133,-2.9090765,3.536533,-0.014701652312356346,0.019097544327399442,12
-15.010465,4.7501216,2.9695902680565305,3.4788777272110316,-6.156953,-6.515171,-0.021851002894374735,0.02178763230668739,13
-15.597741,7.7632613,1.6115580366302513,6.991591985941266,-2.5288217,-12.734542,-0.02161989101619301,0.024692872657048566,13
-14.6675415,7.074027,1.9399020041444348,7.322512074412678,-3.719297,-10.683566,-0.0228500272904225,0.02385819503872933,13
-14.727888,4.7061195,3.596532576379534,-0.287904722813081,-7.8208785,-1.344682,-0.020619520158372533,0.0215694015233997,13
-15.545333,4.6553183,2.4338276719614376,3.5004995044013123,-3.1333816,-5.631261,-0.021169484495489197,0.02229845755003145,13
-14.099839,7.082851,2.0662796155167253,7.649714113744487,-5.962335,-11.216126,-0.02271754291806103,0.023142592647148685,13
-15.308781,3.5232816,1.8468761027291347,1.557935645617035,-4.059315,-3.7440622,-0.021996734893032957,0.019549524414189536,13
-16.463726,6.7367554,1.5091743448045503,2.6291042641775615,-2.3045723,-2.681055,-0.02161564251458426,0.024498346168624983,13
-13.873054,7.6382065,1.7353942934356457,8.304070852203944,-1.7195367,-10.776647,-0.022787030516544602,0.023238784686239956,13
-15.432133,6.693579,1.5820816656013852,3.638265293112212,-6.754811,-8.156426,-0.021734753217401575,0.02392018547881384,13
16.810547,1.0839555,6.092762176598475,-0.03447453670803725,-3.7649846,-2.3591497,-0.02951613916204656,-0.03176667028221025,14
0.62511146,-3.7688394,0.5192841717218267,-1.8488897992468543,-1.9972808,1.8823775,-0.021762590334176237,0.0053840287797864,14
16.434952,1.6088912,4.638247778021264,-0.7201677576748545,-3.5236254,-1.6707577,-0.028569213280964983,-0.027355179911349323,14
16.873116,2.485449,3.175426371774068,0.029551072632458677,-4.179895,-3.8311617,-0.02692201531289847,-0.023382548892009452,14
0.40521002,-4.2368317,-0.7208544749156606,-1.2517628103541953,0.06319293,0.8382787,-0.02132973484326958,0.006261921830822741,14
17.094032,1.8640661,5.273239097477131,0.001695069111294032,-3.9527175,-2.5882525,-0.03003231909778861,-0.03411036460654151,14
0.07091971,-5.111129,-0.11746254114395299,0.061113052645897205,-0.73060405,-1.5254244,-0.022544905793406088,0.0013599669138735786,14
2.1276546,-4.9763083,-1.8763873760269691,-1.8808543192808735,-2.394744,-2.206037,-0.02654002499752795,-0.011080950051248454,14
0.5440474,-4.8678055,-0.8267527263352404,-0.5835663312505054,-0.5644168,0.28799638,-0.022407756397717613,0.004121359828244895,14
-0.526722,-4.440977,-0.43623435331044713,-0.34753815396683363,-0.25904244,-1.2214068,-0.017010779384297153,0.013901877515018425,14
20.142794,-3.085446,-7.212418747364052,-6.287171289073719,4.6937428,1.3052386,0.0007808632638413137,0.014887290554204076,15
7.5078893,9.503946,5.417874133612856,-4.5343447153160685,-7.822866,7.043547,-0.018795577622756743,0.019193092626477438,15
7.8981757,10.072294,5.0912341778340195,-4.3671482364342715,-7.9374857,7.5594516,-0.019595935816826664,0.01973700177128274,15
9.278411,14.317723,9.37000482267056,-4.527805413252327,-10.586166,6.4761257,-0.026569430111942967,-0.04229971779383085,15
9.292826,14.340952,9.54558019138106,-4.18255462689002,-11.685169,4.986282,-0.02694135669027567,-0.049997116977102934,15
20.12588,-3.0656745,-5.40460684485751,-7.226247213263023,-1.0856465,2.7264974,-0.007625799924431398,0.010319105203587413,15
-2.7342205,13.614616,9.16702126119712,0.6171219273570799,-10.939153,3.477868,-0.02054715300061469,0.01507110200558711,15
8.11966,6.897839,1.3733136866075748,-9.486632176391733,-6.812916,16.718418,-0.015929601190242205,0.018426721487730002,15
5.9109383,9.90877,5.922652770322729,-5.6476107987514075,-4.6587324,10.5722685,-0.019167965734428336,0.01876082382925531,15
7.907777,10.083793,5.305730908934727,-4.141594634034454,-7.9029856,7.0823684,-0.01902604717785158,0.019248023393884862,15
5.3767886,-5.1519804,-2.080813746731171,-6.474773972938672,-3.663355,2.9371223,-0.01845087294288354,0.026946955657767255,16
5.0757704,-5.4293017,-2.5706173304379627,-6.15866183391461,-2.9295983,0.5174782,-0.018587252240342626,0.02650978472414281,16
-13.08753,0.9615112,0.34200823235894795,6.506682468346331,-3.4273028,-9.086232,-0.022395733828153856,0.022745671030897134,16
-13.0364065,0.98247284,0.6181367881581563,8.034318636214353,-4.6297984,-11.538264,-0.023149620390955153,0.023969592363825325,16
5.494993,-4.972756,1.1151718755559625,-6.705072407869806,-6.3850074,3.875713,-0.0187000825314167,0.025965121454313726,16
11.033667,0.4578987,-3.0337173199606924,-11.661355358766057,6.382911,14.235662,-0.01395973510979471,0.02420588249574967,16
10.683575,0.80592215,-3.5601017731917706,-12.135493431652865,7.7621984,17.465727,-0.013531131414989697,0.024126083856493907,16
5.527813,-4.0201144,3.044636040870264,-7.700307236972433,-6.9111724,5.576188,-0.021089350470875717,0.024249764064321503,16
11.636404,0.18241836,-2.765801792749517,-11.060810208858753,4.0386777,13.064486,-0.015614025851278907,0.02487848101553984,16
10.432245,-0.36137587,-6.564092461612736,-11.823298359198846,9.071143,17.502333,-0.006787972249425374,0.022612570997133062,16
-0.08510785,11.626106,8.852941876034553,-2.169690251897202,-10.13367,1.6015131,-0.027710364929130017,0.024795898581201268,17
0.35358766,10.623215,5.175891395228617,-1.7728251932148502,-5.308924,1.8079797,-0.025214004945746334,0.02567013047828374,17
2.821195,7.892533,2.6353474500247627,-5.420621695418886,-4.910225,8.61842,-0.026241305077597202,0.024607367935289576,17
0.20889793,10.095791,2.5705604070427364,-0.8017870531414732,-4.5665007,1.3421968,-0.02290118732452162,0.023245369014694733,17
1.9724667,9.265991,3.1353279490547057,-3.6232792574863004,-2.7460408,5.6555834,-0.025067234858581918,0.023782150853364357,17
3.4836242,8.842674,5.080269938788444,-5.959676959712672,-9.078179,7.7333856,-0.025920899372606068,0.025760050823237818,17
1.5034845,11.804155,7.601884491335089,-3.6061084362415854,-10.092038,4.6798983,-0.025997246844052073,0.023145293709587247,17
2.412023,8.726167,3.402660686773917,-4.04798699109283,-5.9718614,6.758721,-0.025887476395095827,0.025218169331050085,17
1.8053628,10.937371,6.979005932532946,-4.525992154384795,-8.715516,6.293718,-0.026337238614007764,0.024728787091735534,17
3.8493912,8.302796,5.127532049562974,-7.319700370350228,-7.4288006,11.69929,-0.024749308920864944,0.025122676737092745,17
14.259992,12.430292,3.194544918998279,7.091343772112378,-7.637137,-6.156554,-0.024826150988964478,-0.06643937180486022,18
14.428987,12.638308,3.978624431445673,5.94417001706767,-7.541315,-7.19166,-0.02489128232821676,-0.07554624808757406,18
14.962857,13.129334,6.339391286858938,2.203599128528089,-11.065729,-9.020997,-0.027981522938450066,-0.10905162215948679,18
12.441193,19.15284,7.596053132924851,0.9339194713222662,-16.691874,-5.911039,-0.03925263396950302,-0.22829164737701493,18
12.871993,19.40079,7.859427416114523,1.298374389496782,-17.587557,-5.765614,-0.03883271071744645,-0.2269781865653801,18
15.799142,12.749483,5.222706770647833,5.923324373917653,-13.915237,-10.815045,-0.02754147422753053,-0.08584572377489576,18
12.17085,18.368788,7.893467042601055,0.40455785965436813,-14.411528,-1.9973217,-0.03921361151495725,-0.22852111243526707,18
13.038175,18.3116,8.138319166381969,0.45260847253946745,-13.563118,-2.8853226,-0.04028759348246149,-0.2574902222503162,18
13.248633,18.263704,8.026505834754191,0.974291402855989,-14.221383,-2.6610427,-0.040138809770344765,-0.2473319091324706,18
15.47385,13.526199,6.283048461560943,1.4343582282222087,-15.123265,-9.219788,-0.030238242761103748,-0.1279379345933017,18
-2.3062813,-12.01191,-3.3130304385542666,7.3058229475764325,4.959553,-7.507888,-0.011206069206308863,0.029634503427298887,19
-2.1710804,-12.368032,-4.391193087008995,5.201146534544295,4.2371397,-4.122739,-0.01020187490659834,0.03090215426521655,19
-1.8460246,-13.054428,-4.77660459409623,4.105724216554594,4.767047,-2.3244436,-0.012467305481819395,0.02569957820762946,19
6.3613186,-15.736118,-3.570678644583854,-3.220416208445294,2.600751,2.0285296,0.0020234339860799293,0.026092133174734182,19
9.475667,-4.09746,2.226511302582702,-7.650767547010373,-4.515775,4.0846853,-0.011707719070757978,0.02192525952567789,19
6.3869433,-15.754012,-4.482060390793809,-3.882548015386801,4.497287,2.4929068,0.007682630304364164,0.021583910682996994,19
9.333811,-3.9193048,1.7285021796326967,-8.10937002761881,-5.7880063,7.601546,-0.00920666990169801,0.023264495190453403,19
8.766281,-4.79402,-1.3089886416534544,-8.67166270774672,1.590132,7.214134,-0.006714172810639965,0.025960400882252745,19
8.783276,-3.832757,1.4992993043894252,-9.123533835078955,-3.5965786,8.94928,-0.011592281156583182,0.023107875849773446,19
-1.6830057,-13.465417,-5.26146854654698,6.327766743602602,4.9917316,-5.0621076,-0.011120522172556923,0.028175708826507852,19
-7.859023,-14.165246,-6.401762610005749,2.2771759021352542,13.352972,-2.036819,0.013346454745540567,0.030717113689305298,20
-8.432341,-15.263248,-7.449548300635339,-0.06905793499392505,15.299171,4.165379,0.024068630545226802,0.024589859354551158,20
-8.366267,-15.57504,-6.526225082542647,0.31917607615144433,13.750908,3.4732895,0.050727915776446315,0.012152851869529508,20
-2.865366,-9.060472,-3.9681372285382612,-1.3621434080838883,5.6262527,1.37956,0.002228064328626135,0.027356851695991564,20
-3.7067876,-8.013185,-3.139934778842065,-0.24811403605385998,5.140875,-1.302211,-0.004253621783036723,0.030130028785717484,20
-3.7425113,-7.6694098,-2.4094141541856318,-0.29862564751327453,3.6131604,-1.6708848,-0.008533325748754346,0.02760620227225329,20
5.745965,-8.477438,-4.7853443624739205,-4.903637857039514,9.000097,9.836051,0.009341264417301539,0.02221038490842417,20
5.960105,-9.338085,-6.812503326867085,-4.818227236433492,10.642545,8.068747,0.016490924522803783,0.01938110587911017,20
-2.9732988,-8.224734,-3.717154130718613,0.1893250593274244,6.0860763,-0.88690037,-0.0010981529867351422,0.02557296841842233,20
5.457103,-8.760145,-5.671041111191328,-4.431279554268989,10.242283,7.6367073,0.015053691498421482,0.021841514408089114,20
-16.02371,-21.202114,-11.77763574722435,5.440020774338753,28.79319,2.242863,0.16995211217894984,-0.03014781512770477,21
-15.528928,-21.718372,-11.321239802276834,3.909562726613936,28.88907,2.273637,0.1705909243576544,-0.030452289230327247,21
-16.292837,-22.28256,-10.536889981227485,6.150537068825222,26.915476,-2.03385,0.17460285422223876,-0.031811772363790645,21
-14.657143,-21.162092,-11.512655654216001,3.6133612590344444,28.248577,2.7688732,0.16403509472763478,-0.02740187552159042,21
-15.738502,-23.75648,-11.107070999172107,4.951737242163004,29.110907,2.3992498,0.18016884819336235,-0.03415859267123718,21
-15.310494,-19.636992,-13.573685331055724,2.895862761018924,29.363512,2.886421,0.15169239730533485,-0.02283101109909003,21
-16.461676,-23.290867,-11.116126077498889,6.38643784819681,28.893343,2.249699,0.17758374006930827,-0.03294932828608814,21
-14.78391,-23.534117,-10.499205024850447,5.971891469962879,28.667767,2.2799695,0.18162227753148283,-0.03457239624473388,21
-14.575049,-22.597685,-10.735382741723807,5.498048214780627,28.346867,1.2098432,0.17696476642609477,-0.032639143980301946,21
-15.143759,-22.940744,-11.079005670369888,4.740169386611432,28.711975,2.4369454,0.17902029407741332,-0.033832257822928466,21
-0.46815076,7.6663427,4.98130202658016,-2.692272743563507,-9.233302,4.043865,-0.025445521129433896,0.024976157731502323,22
-2.3486168,10.4070835,5.898192108785784,0.05639993470517009,-11.338341,-2.3019109,-0.029123833678950398,0.024255832516767967,22
-6.080953,-2.1869328,-0.08923599512984702,1.5149679954705855,-2.5279095,-4.2266693,-0.022148552572585273,0.03141221028856772,22
0.4467941,1.0461178,1.5930838796997286,-3.4382655385627414,-4.0179954,2.7777143,-0.023600978729566485,0.020266617651094842,22
-6.6915545,-1.9727346,-0.11592116059240275,2.154557396895682,-3.5455804,-7.1642885,-0.022900481925720473,0.02889727534663139,22
0.5518332,0.9445503,0.9535096975659596,-3.666387442452537,-4.0490646,5.4664454,-0.023305583393920356,0.024110963350510252,22
-5.509651,-1.9876776,0.5685918320091278,0.06561520342781112,-1.6109105,-1.3956516,-0.022755384419514517,0.031016183032772537,22
-2.3357317,10.2251625,4.992315493303672,-0.5411012495590227,-9.938764,-2.2562473,-0.02797844408851072,0.02563761863120406,22
4.9440346,4.1962028,2.8672117838959936,-8.816686187809237,-5.234101,11.74848,-0.02259785369068337,0.022751882805152984,22
4.680599,5.479887,2.932796542017736,-6.972776758128979,-4.4682937,10.636722,-0.023556518668505323,0.025208001247432596,22
12.888117,-8.141283,-3.273731015603297,-4.803836339543276,-1.8609251,2.9120197,-0.013941628262710374,0.014091369448351532,23
12.967539,-8.406153,-3.584920379871469,-4.688140245787784,-1.7456214,3.6686218,-0.012630812724748551,0.013897870711995195,23
9.567751,-11.363652,-9.631936823546624,-8.800440065370251,8.9990225,13.60226,0.011308146004535193,0.019309280170989367,23
10.389204,-10.80483,-7.24576734032675,-7.8756311688370015,7.5635953,11.213436,0.01065560640896633,0.01718537663186797,23
11.212081,-7.8068786,-0.17872173579012024,8.649856194151093,2.0184689,-7.1163654,-0.014530706578745684,0.022663856881581863,23
13.766029,-9.5001,-4.673061199149921,-6.45368068250542,1.1846104,10.771119,-0.008634126006981328,0.012604379095172053,23
13.699486,-8.65579,-3.675388841862024,-5.547192218136707,-0.58795303,6.2366934,-0.011882352639371234,0.011216526117974076,23
14.346931,-8.718882,-3.6789670699726775,-6.368549036389352,-2.4578538,5.960684,-0.013790594655499455,0.005010223289208089,23
10.626212,-11.403602,-8.040231987940212,-7.958941946352191,9.277076,10.524112,0.01018712085759097,0.019320142188145137,23
10.505937,-11.548383,-8.2973044668638,-7.9466097776249285,11.089811,10.682708,0.012010017739319508,0.019126006769020504,23
-6.437106,1.8118875,2.6586682450375116,1.2970348560551623,-4.0610366,-5.3699694,-0.028979168887039188,0.020784707689744556,24
-8.188251,-0.23072913,0.05573019446699288,7.786837407011391,-1.9134309,-10.012429,-0.022101627895171432,0.019778833287830345,24
-6.1905317,1.6777978,2.4408051230272623,0.6269034363702554,-4.015722,-5.1988177,-0.02858595280686169,0.02016660776760305,24
-4.6897297,0.32474926,1.436803841283947,1.6860123872620065,-4.194056,-4.666172,-0.026490145959222975,0.00738256212111885,24
-3.8953621,0.37207028,-0.20584162701228906,-0.2037414078531474,-0.97725266,-1.635322,-0.025524469724499697,0.015987791594943773,24
-7.4913383,0.18134996,1.4155493112803035,4.336982328990388,-5.7072644,-9.34668,-0.026062061357638486,0.01596228964560091,24
-5.672022,2.0538158,2.0578506281901228,-0.16578143296497888,-3.8986092,-4.326291,-0.02726526014439038,0.020987420329269094,24
1.8133304,0.3836976,0.0705836697281733,-5.807517805356495,-2.857513,6.104485,-0.022362354224886305,0.019278114532114816,24
-6.6448836,0.24650638,0.6233994169680256,3.236189479793417,-4.0339503,-9.10895,-0.026091731224406063,0.01662162039935203,24
-7.1863956,1.3736491,2.7278123099147202,2.6852461067881395,-5.8629394,-7.288116,-0.02772813688357675,0.019956526180020355,24
-15.238286,-2.313976,-1.515749384124498,7.913141175532672,1.5818183,-7.1398892,-0.018850133607149468,0.023640685417465487,25
-15.185343,-2.9512854,-2.7893251885563437,2.7114050572323567,-1.4838157,-2.1235204,-0.020330549863787694,0.02347131649598684,25
-13.791485,-1.2121649,0.04779100346902691,4.605230153332876,0.44327942,-6.7136264,-0.021553201459212534,0.025436117141478774,25
-12.165388,-1.954623,-2.0871342610076544,8.867851983384941,4.680646,-11.564952,-0.02149229976785505,0.022821308515020258,25
-12.024543,-2.0319142,-1.442141277683108,8.500571314225045,1.9353194,-11.410823,-0.021128090518436764,0.021926913484091596,25
-16.603085,-2.4338918,-0.9605063789668953,7.282906291823155,1.7882218,-1.8968978,-0.013537626558514402,0.023911940342066278,25
-0.5517886,7.1752267,6.035617973170831,-3.083287599430436,-9.374316,3.8709319,-0.025548510792658453,0.025018532081689637,25
-11.745165,-1.0765767,0.508123715320649,7.113478872088331,0.19735721,-10.449517,-0.0219389323516494,0.02217829399467343,25
-14.751074,-1.9640751,-0.14504514198719798,2.7640415211556344,-0.61309826,-5.514154,-0.01922523637748546,0.025770964020942977,25
-10.209495,-0.5389499,1.4797623794010033,5.767735072926314,-3.006208,-10.625175,-0.0236309704718539,0.020903898655559663,25
19.487467,13.1589575,4.8258983795381605,3.946286417704247,-5.923007,-12.737297,-0.023435556573737814,0.01759604144279342,26
22.111088,12.367134,4.269466829396188,5.731662576274312,-7.98252,-13.561182,-0.02492050397216884,0.015105211400336627,26
20.811651,12.315031,5.19266725532751,3.134516406195735,-8.421023,-11.271171,-0.024504565023305044,0.01502059025294363,26
20.711782,13.671339,4.903457589881324,4.681162322248999,-8.119732,-11.185144,-0.024770781102340662,0.013904466292393202,26
20.395134,11.217531,5.670975781485608,5.61554188524422,-9.724241,-14.724962,-0.024602365746077076,0.013736064199356388,26
22.395336,13.871203,3.464169697888293,7.5202482149945,-11.840153,-14.841511,-0.024048589619304287,0.007359946539890677,26
21.303526,13.024965,4.415650581119999,4.286661548187478,-7.3845663,-8.412148,-0.024298553853553704,0.016936630495341855,26
19.92066,12.83322,5.185981836226965,3.843957979219205,-8.260489,-11.131242,-0.023832550382761483,0.015615222713078677,26
23.103096,12.69018,3.6694716919868315,8.44501707606634,-8.210875,-14.8231,-0.024596841450624435,0.01319253419928578,26
19.928759,12.299138,5.292211007510421,2.707854595632641,-8.720304,-9.576188,-0.02407711087345723,0.014620596987033118,26
14.032443,7.5565276,4.3758969718288485,3.0830675045873175,-6.23586,-0.26548973,-0.023389893680145248,0.000692397630525847,27
-19.862864,1.8261085,2.1287863979316146,9.717097995352063,-4.744821,-8.296936,-0.022510930108281042,-0.005736284976619789,27
12.448963,7.118688,4.401852686157146,-4.814427675484533,-6.1315994,5.9547367,-0.023704807950254782,-0.0017595239263398775,27
12.112416,9.034119,8.17940933100854,3.611941783645793,-14.70713,2.6627767,-0.026753743858011932,-0.037752626892863406,27
-20.44465,2.343878,3.521538667536731,8.921905500784785,-10.138603,-6.6906624,-0.023930448475130973,-0.02281035669889707,27
14.057702,7.5628557,3.9301489013389213,4.639652992257965,-6.143616,-0.9175258,-0.02410045028380965,0.0012033679362398375,27
-20.774794,2.529368,3.136239587437149,8.840773293519161,-6.8105383,-5.440482,-0.02393266345857912,-0.01425889276884501,27
14.963494,7.6769004,4.05039457412232,7.744715148361547,-6.770248,-3.7860281,-0.02287607985340256,0.008763747688897944,27
-20.8239,1.5031264,0.586806077375083,10.006871221857974,-5.347206,-9.015633,-0.02191846417981781,-0.002025705776865241,27
12.079343,6.8415504,-0.5169639202705812,-9.42617053900058,-5.374013,9.071731,-0.022540564845847284,-0.0015712709408905246,27
-10.83394,-19.208258,-9.613833009502203,1.9476720814013933,21.13449,3.552684,0.1165215883917479,-0.010413211878915083,28
-10.645621,-20.14394,-9.707416388515329,3.633532123301118,23.149088,0.036385488,0.13152995604755333,-0.0147944760861566,28
-11.018701,-17.844015,-10.573171014338138,-0.3378474422654281,20.796656,4.8272824,0.10927850633274984,-0.00990072590819856,28
3.1328583,-13.290244,-7.843816881470619,-1.5594862121604625,12.862339,0.09334335,0.078275685970885,0.00047210889484913083,28
4.92453,-12.195367,-7.3067732688523925,-5.206419551959552,8.065112,5.4902034,0.06961393481856064,-8.600110861329266e-06,28
4.234816,-12.477476,-6.187879999643298,-3.6338867894097224,7.7173853,4.9752765,0.05947830233705199,0.0018030383201023458,28
3.6333954,-12.8022585,-5.7751969913794845,-2.229719105139898,11.780558,4.2386103,0.064364147104349,0.0036176824745947117,28
6.245242,-11.245967,-8.4226896483197,-6.30982058217415,12.596196,11.791676,0.05761248498949861,0.003875344298135157,28
-11.540546,-17.90763,-10.373436212036554,0.33450449307544533,20.680166,4.092588,0.09795409570004032,-0.004633291144644395,28
-10.410289,-19.350851,-9.740729210060682,1.5393197545438204,19.102417,2.3549173,0.12264533032595702,-0.012360872467668631,28
-6.367681,-9.487257,-3.174665488676618,2.216995167215221,4.9546504,-5.471189,-0.005359337530894435,0.03969935613714187,29
-5.99334,-11.95235,-5.1927711583743505,3.0681005225252993,9.746547,-4.887055,0.0027281250716135767,0.040315822958240405,29
-6.5361404,-8.814208,-3.1555216728708495,4.307213831095418,4.757502,-5.659894,-0.004431567388322053,0.04060103038038791,29
-5.494016,-13.710387,-6.408383642310762,1.2440464601905263,10.589292,-2.6939416,0.00576879715332968,0.04082703339003147,29
-5.8640356,-13.989014,-6.268896677971386,1.1437797902591467,11.699131,-2.3809373,0.007260753967253747,0.03910937829426237,29
-5.2606735,-10.528853,-3.1015956022555464,0.07592776249207543,4.7598925,-1.7656214,-0.007385563674023908,0.03583425172169486,29
-6.2559943,-12.678035,-6.008934976555172,1.798048846190847,10.674613,-2.5693738,0.0015437338586990598,0.038069017310667176,29
-5.518443,-12.976512,-6.323329064615483,1.7324607756093757,10.425726,-2.911453,0.004861146379995654,0.040374650090093875,29
-4.63959,-10.875782,-3.502894724803963,-1.2236675192674376,4.778683,0.31925982,-0.009120325144311946,0.032844584136794794,29
-6.0704494,-10.436617,-3.4852322891176715,1.553696518574994,5.07513,-4.27927,-0.006515558319534022,0.036289669281244594,29
-10.362887,-11.959215,-6.662024275952362,-1.382686989893897,11.746025,4.0028515,0.0075530654677723906,0.060358038035790366,30
0.6542127,-24.212542,-5.2103528012780576,7.677238675812535,8.822228,-8.561846,0.020505438505355973,0.000881689901183309,30
1.4178255,-23.719782,-4.347293110233696,8.093279308479007,5.4459653,-10.368286,0.012967240601058264,-0.0016871921223117327,30
1.1373941,-23.399467,-5.024975406466564,8.449742077166473,9.615687,-11.24149,0.014777487093383564,0.002467357241718104,30
1.8470117,-23.838457,-4.614668912885061,8.305007726915836,4.592263,-12.496033,0.013054219575620998,0.00031149427712060153,30
-9.512171,-12.050007,-7.080630336718546,0.3794329294139325,11.067217,-0.8289792,0.0033688649188374355,0.056131479708654654,30
-8.3054085,-12.331822,-5.8794412449805735,2.6815592485065225,12.146959,-4.462742,0.0007846689114621708,0.04403512305546621,30
-10.545191,-11.927096,-6.392253627962121,-1.4576399957780217,11.7220545,4.4344897,0.012552007903573427,0.05833519066816826,30
-8.939026,-11.826541,-5.34022508735303,0.9175215273997622,10.470975,-1.5345361,-0.0014704959922203376,0.049240507875220274,30
0.98943776,-24.718359,-5.239525972090125,8.076087372606768,12.537482,-11.118544,0.03516841521440798,-0.001778739602897468,30
15.593327,16.631443,9.071222459273987,3.4637922444194307,-11.445751,-10.580616,-0.02973002573180882,-0.06918238331280033,31
18.723013,17.361723,7.2473096607874155,5.71026573796258,-14.479046,-12.395385,-0.02654980543791738,-0.04282507797406626,31
19.195097,17.393833,5.497761788748505,7.181558732483204,-12.0631895,-14.4819355,-0.026384261949042545,-0.038034015963212826,31
15.825075,18.408833,10.373142002218424,0.9055737947694167,-19.752012,-8.772782,-0.029965285893446734,-0.08812950955370678,31
19.925184,17.612879,6.292461378511806,7.178914182619068,-9.089996,-12.483468,-0.02729879994065109,-0.041441011727294176,31
15.574562,16.63642,10.422932869364498,2.8657748170974817,-11.6001215,-8.328372,-0.029856035850038955,-0.06753094080115901,31
17.039917,4.3552775,-5.397280835733879,-5.855005927907834,-6.0700426,-7.8753324,-0.02712086116570042,-0.03176173077631999,31
17.427305,18.776726,8.757657998388096,-0.021486048376031634,-14.287044,-2.0486684,-0.026446654151100344,-0.035949465367851895,31
17.066174,18.362608,8.36981996324419,2.6567288406555973,-11.31668,-8.268474,-0.02858358433732031,-0.06459146465886909,31
16.738598,17.980625,8.05724679921563,2.4105559774356964,-17.227154,-10.367053,-0.02942598204691139,-0.06895910513934969,31
-7.5606856,-20.586327,-11.721850412255645,-1.2487207674514926,19.013378,-0.091148004,0.07459354243715813,0.010238957799835621,32
-7.6227574,-21.895407,-12.35788084384757,0.8240484621152959,17.958767,-3.4915032,0.070373084403962,0.012697332817539058,32
-6.8295383,-21.669699,-11.342359248804087,0.7806449460022485,19.516348,-1.7582399,0.07145197532358369,0.011791005550262974,32
-6.203303,-22.34689,-11.979005418544217,1.666885131142508,19.239897,-2.2215538,0.06898878737567961,0.01245517834479792,32
-5.1510315,-20.23735,-8.33058703387881,-1.3107563466048546,9.473875,0.6617888,0.04176214524709357,0.021550097368775434,32
-6.0183372,-18.766434,-10.811583508115225,-4.315941080725992,15.989746,0.68031996,0.0455392113978844,0.026480965341194054,32
-5.838884,-20.207352,-9.0679912910449,-2.3982596833128684,14.5925,-2.8281662,0.04909002291381364,0.0203419484087856,32
-5.283494,-21.426956,-9.38851556064499,-0.9761129612539327,11.359759,-5.115599,0.04705233886056738,0.020138825263536043,32
-5.59867,-19.614328,-8.915075318188556,-2.753258538231575,10.044925,0.004671895,0.04607044926090042,0.020378770078797293,32
-7.2005215,-22.247726,-11.94869845801035,0.810068217797461,17.015448,-3.3086095,0.07006095380925681,0.012939237505606042,32
-11.923292,-27.237602,-8.375803199144093,7.9588052241605,26.075035,-4.935185,0.14647014630934482,-0.02061793685410711,33
-11.556009,-27.686275,-8.258131098167384,8.086799623922275,26.598381,-8.005225,0.15053068551013588,-0.02236873737262114,33
-11.273106,-25.845968,-8.289836633077638,7.232170724257091,22.458536,-7.026467,0.13097133483718015,-0.01407521496991309,33
-13.881041,-26.281948,-12.161848928973688,5.219491679366249,27.606653,-8.857135,0.15215564205566062,-0.02331067972681952,33
-13.835354,-27.054909,-11.135844425945084,8.860747643970702,27.784243,-8.661588,0.15354310287841536,-0.023712841845074998,33
-11.506687,-26.765518,-8.26012203169016,7.5345375294332575,23.442833,-7.444615,0.1399442446040546,-0.018022106223677236,33
-14.042611,-27.224089,-11.95369116555758,9.044529190532073,27.80017,-8.906312,0.1520561243650632,-0.023055772021293643,33
-10.609793,-25.465132,-8.552937915136582,7.0192496599332435,20.623604,-5.4747987,0.12398058785809285,-0.011040084458679732,33
-10.537454,-25.87285,-8.673558695218244,6.985389744693263,19.605047,-6.495187,0.12062840038320757,-0.009634737057585233,33
-9.939566,-26.193926,-8.746251730348918,7.322199707237354,21.541813,-4.8395743,0.11671174932941017,-0.007881792413503619,33
-3.3799758,-16.364977,-9.38871213512889,-0.06711038821375624,14.127137,-2.841786,0.003933209096976967,0.03088053037596139,34
-3.2053967,-16.41849,-6.778812558060206,7.67310907505253,11.564648,-7.516579,-4.429503161339016e-06,0.03131886038427678,34
-7.3386536,-16.040695,-7.335349637237511,-2.449836848797728,9.016162,3.8229158,0.01273874676999452,0.020891711834018035,34
-2.214286,-16.6351,-6.710170727294237,5.146832589499511,9.896571,-8.277376,-0.0015313306824662688,0.03137673701228809,34
7.6742334,0.05467226,-4.4306453722343155,-8.825975754520996,6.468144,15.846803,-0.0068805839548652875,0.024463717859423986,34
0.03705105,-17.06685,-4.140373659947372,0.20926614852659053,2.0559516,-4.810415,-0.008147099759556348,0.03127747713292411,34
0.38276437,-17.313007,-1.7672368384732347,8.193841669654024,3.6801631,-6.805535,-0.0084444973573311,0.03133957163828918,34
-0.22738868,-16.875963,-5.405755671896787,-2.7732937505498776,1.5572214,-1.3282856,-0.005811745872503904,0.030978219086251223,34
7.806234,-0.06343872,-4.7030178497617685,-9.217205921091669,6.0640864,14.304413,-0.005767343951022812,0.024309664367019215,34
6.5836926,0.28638387,-4.832570527447184,-8.06115962268056,5.9297647,13.163566,-0.011105801196784495,0.02537878022069243,34
6.4977484,22.460623,10.748501722738851,-8.234613798193987,-11.07592,11.624594,-0.02386516867155602,-0.04126593416719985,35
15.854312,-6.5737176,-2.977751035485771,-9.07251188780705,-2.8794484,14.246925,-0.01621643201713433,0.009070363544152448,35
14.3591585,-4.2113585,-3.3976563807865605,-8.6111677726479,1.8911372,13.822759,-0.013620461603784398,0.007899639823351278,35
14.104242,-4.1638675,-1.9064325627210141,-9.004286087694,-3.8722317,11.437594,-0.016475328885889113,0.0027500881495748386,35
6.543045,22.474886,10.17632674058371,-9.086342484265774,-11.884973,12.936673,-0.024008428383585294,-0.05190599271098005,35
16.253593,-6.3969297,-2.8609517467245724,-9.399002579494239,-3.8059738,7.79969,-0.016995473418408485,0.009848505010217697,35
15.640843,-7.076915,-3.5805189577342693,-9.703305941844045,-2.990571,14.213654,-0.015274327580139635,0.008316379347577866,35
15.156826,-4.0750146,-1.6854482609800334,-7.769857565366784,-2.5289707,7.4022245,-0.016262837228914556,0.010775028255187875,35
15.839301,-3.3917944,3.5172992623107,-6.858862664483962,-3.9234252,7.83644,-0.01756741038743201,0.014451453224487123,35
13.915801,-3.0303476,2.2194392197366826,-9.020922851597417,-5.6807027,12.87999,-0.01625386202873191,0.011665679994154746,35
-19.261602,-6.385633,-9.853375549933146,-3.731562450178125,6.7662253,-2.0852814,0.011499716242034429,0.020470645471903484,36
-19.498354,-13.029109,-5.094025985731358,10.98817131003407,13.307964,-13.394024,0.027582155310416277,0.016709716786595354,36
-19.283197,-5.973319,-4.0125512521559985,8.927488389380985,6.9048223,-1.8302633,0.01241998395445591,0.02025373400080688,36
-18.89426,-12.408449,-5.432622264751923,11.087968411785415,13.921277,-13.315368,0.034492439366239136,0.014856842656393397,36
-19.260773,-12.477819,-4.526297260015054,11.354251868358224,13.767191,-13.582071,0.028494838667853937,0.016052551483943522,36
-18.476192,-12.648667,-4.870820533497041,10.951606547284248,10.694324,-10.504561,0.029180942120332044,0.015575989918881344,36
-19.177925,-7.3062124,-3.6444080576906788,10.222779900550906,8.043219,-3.7010002,0.011987489265599545,0.019798183519191444,36
-18.48244,-13.654031,-6.966348170666038,11.084449428525112,15.400972,-12.033066,0.04675041330341962,0.01002267263941766,36
-18.81957,-5.852133,-3.522614595642587,9.03222736455566,6.1022615,-1.6011373,0.008343164086500848,0.020804464708875953,36
-19.691027,-7.483192,-11.857025560525804,-3.735328467965974,11.533477,-1.8216095,0.019647069527403777,0.01866049920789113,36
1.4423403,3.487181,-0.42399159863793645,-7.11885483802517,-2.9227984,9.233328,-0.0184912395273563,0.026129440247242442,37
-10.638839,2.6604717,-1.381260962007625,3.8593523960488914,-0.5439325,-4.888403,-0.023195983153454572,0.028088337305608616,37
-10.318135,3.3714805,-0.6664316336493296,3.943753339436664,-4.134501,-7.5700746,-0.02491739101940687,0.026276514502465747,37
-8.918612,5.3756933,3.104009761383127,-1.0223908974942781,-5.1798697,-0.48769084,-0.02539482439056894,0.027914761974576773,37
-9.97375,2.6987534,-1.7383827338673172,4.193094530775377,-3.6430402,-7.0365124,-0.023748682257575718,0.028186908941972486,37
-7.7337213,3.8108232,-0.1508484439850855,-4.793553266585184,-5.1146765,1.9559655,-0.021456548928966757,0.027108933144925147,37
-9.83184,3.9072223,-0.16906387898437536,2.3380190602582958,-3.3548477,-5.1856866,-0.024469699677419944,0.027402902656751743,37
-9.672836,5.052479,2.385939826221855,5.10697218821776,-1.4101841,-6.5045776,-0.023523621031954343,0.028337872576990154,37
0.5352196,3.4384706,-0.7503864599273767,-7.791408282637781,-2.5209014,8.996722,-0.020224299253035385,0.026480475435022806,37
-9.3135,2.8250692,-2.5952893795932273,0.9866480892665952,-2.487435,-3.2878299,-0.02314845446124271,0.028895819357126318,37
-12.607921,-21.20449,-8.524454515437096,3.8797904692332508,21.740923,2.244458,0.14563868975828284,-0.01882654718323953,38
-13.044332,-22.296288,-9.898946398800515,6.830335151627183,26.748043,0.8762852,0.15286247670836933,-0.02179116089315796,38
-13.414166,-18.757626,-12.077196874908802,-0.8081932568247291,21.761591,3.9811668,0.13071156192619676,-0.015293752784293013,38
-13.510492,-19.683002,-11.128256727656794,2.236331242076007,26.286533,2.4759684,0.13986020901927235,-0.017826445775474493,38
-11.034738,-21.54847,-10.224533952437433,4.335033589937014,27.724327,1.6254656,0.14586240232188225,-0.01884220342976881,38
-12.661034,-20.034271,-11.8551341510381,2.3927665972441132,26.874565,1.5676466,0.14396854203194542,-0.0187013015328755,38
-12.019661,-22.481127,-9.13202430576495,5.674775682973202,21.615625,-3.7470074,0.1484354846152428,-0.018695836987664617,38
-12.002245,-22.642809,-8.507528772877247,5.20799971327563,21.656487,-3.1843052,0.14290993081569284,-0.016788833504723592,38
-11.740635,-21.281288,-9.564641070055567,4.384515560770757,25.73179,1.6320447,0.14823129439615085,-0.019389737984020237,38
-12.564821,-19.554554,-11.292192432451232,1.8703534612544601,26.439138,1.54423,0.14447075887605762,-0.018954743782054653,38
-6.7243,-5.602918,-1.7721206030876915,2.6522841386038487,1.9533001,-4.864409,-0.01659452133851216,0.034577200929715425,39
1.8812201,4.969854,2.2308304561265966,-5.781553949035412,-7.302933,9.839135,-0.02171589075036928,0.02720004008003087,39
1.176021,5.305052,2.9245756554095363,-4.628977783479989,-9.363272,5.7871747,-0.022481861587496838,0.02776353787596797,39
0.55955434,-0.96885663,-1.7578750616320156,-3.9825283280436072,0.32393247,4.181158,-0.025645523502331357,0.02048715218006966,39
2.2124255,4.972076,3.3607746067158404,-5.852307724464606,-7.817614,8.719845,-0.022296164106992634,0.027187189119040143,39
-8.101268,-5.1881323,-2.2199964072270375,1.739896047637515,4.7448745,-6.1884003,-0.016277876007369883,0.03299342191138093,39
7.797651,3.1529636,1.1156038389962608,-9.790991742355892,-3.5281332,17.444271,-0.01804292297040979,0.025237299053226272,39
-7.208178,-5.620421,-2.8458601953688745,3.364904115757298,3.9233007,-6.5556397,-0.01518427759325925,0.0344900228812605,39
8.15134,2.9995694,-0.06023702480236089,-11.979706317833047,-3.0967762,18.492252,-0.017035606523966032,0.0254124481399735,39
0.45322585,-0.8996058,-1.0511469370071216,-3.9024811045123706,0.28183463,5.0923595,-0.026215243102548143,0.021999185782302772,39
